{"cameraMode":{"drawMode":0,"name":"Shaded","section":"Shading Mode"},"sceneLighting":false,"audioPlay":false,"sceneViewState":{"showFog":false,"showMaterialUpdate":false,"showSkybox":false,"showFlares":true,"showImageEffects":true,"showParticleSystems":true},"in2DMode":false,"pivot":{"x":0.016687631607055665,"y":2.6384437084198,"z":0.05890011787414551},"rotation":{"x":-0.07009056955575943,"y":0.8007526993751526,"z":-0.09558670222759247,"w":-0.5871564745903015},"size":3.1357529163360597,"orthographic":false}