{"cameraMode":{"drawMode":0,"name":"Shaded","section":"Shading Mode"},"sceneLighting":true,"audioPlay":false,"sceneViewState":{"showFog":false,"showMaterialUpdate":false,"showSkybox":true,"showFlares":true,"showImageEffects":true,"showParticleSystems":true},"in2DMode":false,"pivot":{"x":0.00009047985076904297,"y":0.371590256690979,"z":-1.7276794910430909},"rotation":{"x":0.11421923339366913,"y":-0.2562383711338043,"z":0.03050672635436058,"w":0.9593595862388611},"size":1.5880590677261353,"orthographic":true}