{"cameraMode":{"drawMode":0,"name":"Shaded","section":"Shading Mode"},"sceneLighting":true,"audioPlay":false,"sceneViewState":{"showFog":false,"showMaterialUpdate":false,"showSkybox":false,"showFlares":true,"showImageEffects":true,"showParticleSystems":true},"in2DMode":false,"pivot":{"x":0.11260986328125,"y":0.22188282012939454,"z":-1.842616081237793},"rotation":{"x":0.11421923339366913,"y":-0.2562383711338043,"z":0.03050672635436058,"w":0.9593595862388611},"size":12.12435531616211,"orthographic":true}