{"cameraMode":{"drawMode":0,"name":"Shaded","section":"Shading Mode"},"sceneLighting":false,"audioPlay":false,"sceneViewState":{"showFog":false,"showMaterialUpdate":false,"showSkybox":false,"showFlares":true,"showImageEffects":true,"showParticleSystems":true},"in2DMode":false,"pivot":{"x":-2.5202653408050539,"y":0.44999998807907107,"z":-1.7845187187194825},"rotation":{"x":-0.3228709101676941,"y":0.016181964427232744,"z":-0.005518797319382429,"w":-0.946293830871582},"size":0.9460029602050781,"orthographic":false}