{"cameraMode":{"drawMode":0,"name":"Shaded","section":"Shading Mode"},"sceneLighting":false,"audioPlay":false,"sceneViewState":{"showFog":false,"showMaterialUpdate":false,"showSkybox":false,"showFlares":true,"showImageEffects":true,"showParticleSystems":true},"in2DMode":false,"pivot":{"x":0.3200344443321228,"y":3.2630391120910646,"z":-1.1134898662567139},"rotation":{"x":-0.08095528930425644,"y":0.8691022992134094,"z":-0.15170206129550935,"w":-0.4637903571128845},"size":1.9357531070709229,"orthographic":false}