{"cameraMode":{"drawMode":0,"name":"Shaded","section":"Shading Mode"},"sceneLighting":false,"audioPlay":false,"sceneViewState":{"showFog":false,"showMaterialUpdate":false,"showSkybox":false,"showFlares":true,"showImageEffects":true,"showParticleSystems":true},"in2DMode":false,"pivot":{"x":5.960464477539063e-8,"y":0.5188774466514587,"z":-0.015291273593902588},"rotation":{"x":-0.0005105521995574236,"y":0.9048320055007935,"z":-0.4257669746875763,"w":-0.0010850217659026385},"size":0.7276384830474854,"orthographic":false}