{"cameraMode":{"drawMode":0,"name":"Shaded","section":"Shading Mode"},"sceneLighting":false,"audioPlay":false,"sceneViewState":{"showFog":false,"showMaterialUpdate":false,"showSkybox":false,"showFlares":true,"showImageEffects":true,"showParticleSystems":true},"in2DMode":false,"pivot":{"x":0.21292644739151,"y":0.5180000066757202,"z":-3.0786352157592775},"rotation":{"x":0.11421923339366913,"y":-0.2562383711338043,"z":0.03050672635436058,"w":0.9593595862388611},"size":1.1557626724243165,"orthographic":true}